id,name,region_id
321500.0,Samuel Racine,1.0
321510.0,Eugena Esser,1.0
321520.0,Michel Averette,1.0
321530.0,Renetta Carew,1.0
321540.0,Cara Clarke,1.0
321550.0,Lavera Oles,1.0
321560.0,Elba Felder,1.0
321570.0,Shawanda Selke,1.0
321580.0,Sibyl Lauria,1.0
321590.0,Necole Victory,1.0
321600.0,Ernestine Pickron,1.0
321610.0,Ayesha Monica,1.0
321620.0,Retha Sears,1.0
321630.0,Julia Behrman,1.0
321640.0,Tia Amato,1.0
321650.0,Akilah Drinkard,1.0
321660.0,Silvana Virden,1.0
321670.0,Nakesha Renn,1.0
321680.0,Elna Condello,1.0
321690.0,Gianna Dossey,1.0
321700.0,Debroah Wardle,1.0
321710.0,Sherlene Wetherington,2.0
321720.0,Chau Rowles,2.0
321730.0,Carletta Kosinski,2.0
321740.0,Charles Bidwell,2.0
321750.0,Cliff Meints,2.0
321760.0,Delilah Krum,2.0
321770.0,Kathleen Lalonde,2.0
321780.0,Julie Starr,2.0
321790.0,Cordell Rieder,2.0
321800.0,Earlie Schleusner,3.0
321810.0,Moon Torian,3.0
321820.0,Dorotha Seawell,3.0
321830.0,Maren Musto,3.0
321840.0,Vernita Plump,3.0
321850.0,Calvin Ollison,3.0
321860.0,Saran Ram,3.0
321870.0,Derrick Boggess,3.0
321880.0,Babette Soukup,3.0
321890.0,Nelle Meaux,3.0
321900.0,Soraya Fulton,4.0
321910.0,Brandie Riva,4.0
321920.0,Marquetta Laycock,4.0
321930.0,Hilma Busick,4.0
321940.0,Arica Stoltzfus,4.0
321950.0,Elwood Shutt,4.0
321960.0,Maryanna Fiorentino,4.0
321970.0,Georgianna Chisholm,4.0
321980.0,Micha Woodford,4.0
321990.0,Dawna Agnew,4.0
